-- 조별 데이터 정리 6_14.xlsx 기준으로 B.B.B. 조 원본 명단과 앱 프로필 매칭을 구성한다.
begin;

create table if not exists public.retreat_group_roster (
  id uuid primary key default gen_random_uuid(),
  source_batch text not null,
  roster_order integer not null,
  group_no integer,
  group_label text not null,
  group_id uuid references public.groups(id) on delete set null,
  group_role public.group_role not null default 'member',
  raw_role text,
  participant_name text not null,
  name_norm text not null default '',
  birth_year text,
  parish_raw text,
  parish_norm text,
  participation_schedule text,
  participation_tier text,
  note text,
  source_sheet text,
  source_row integer,
  matched_profile_id uuid references public.profiles(id) on delete set null,
  match_status text not null default 'pending',
  match_detail text,
  candidate_profiles jsonb not null default '[]'::jsonb,
  created_at timestamptz not null default now(),
  updated_at timestamptz not null default now(),
  unique (source_batch, roster_order)
);

create index if not exists retreat_group_roster_batch_idx
on public.retreat_group_roster (source_batch, group_no, roster_order);

create index if not exists retreat_group_roster_profile_idx
on public.retreat_group_roster (matched_profile_id)
where matched_profile_id is not null;

do $$
begin
  if not exists (
    select 1 from pg_trigger
    where tgname = 'set_retreat_group_roster_updated_at'
      and tgrelid = 'public.retreat_group_roster'::regclass
  ) then
    create trigger set_retreat_group_roster_updated_at
    before update on public.retreat_group_roster
    for each row execute function public.set_updated_at();
  end if;
end;
$$;

alter table public.retreat_group_roster enable row level security;
revoke all on public.retreat_group_roster from public, anon, authenticated;

comment on table public.retreat_group_roster is '조 편성 원본 명단. 앱 가입자가 없어도 admin BBB 매칭 화면에 조원으로 표시한다.';
comment on column public.retreat_group_roster.match_status is 'matched, matched_by_parish, nickname_missing, duplicate_same_parish, duplicate_roster_same_parish, duplicate_needs_check 등 앱 가입자 매칭 상태.';

create or replace function public.bu_group_roster_normalize_name(p_value text)
returns text
language sql
immutable
as $$
  select lower(regexp_replace(coalesce(p_value, ''), '\s+', '', 'g'));
$$;

create or replace function public.bu_group_roster_normalize_parish(p_value text)
returns text
language sql
immutable
as $$
  select case
    when regexp_replace(upper(coalesce(p_value, '')), '\s+', '', 'g') like '%VIP%' then 'VIP'
    when regexp_replace(coalesce(p_value, ''), '\s+', '', 'g') like '%교회학교%' then '교회학교'
    when regexp_replace(coalesce(p_value, ''), '\s+', '', 'g') like '%목양%' then '목양교구'
    when regexp_replace(coalesce(p_value, ''), '\s+', '', 'g') ~ '1(청|교구|청년)' then '1청'
    when regexp_replace(coalesce(p_value, ''), '\s+', '', 'g') ~ '2(청|교구|청년)' then '2청'
    when regexp_replace(coalesce(p_value, ''), '\s+', '', 'g') ~ '3(청|교구|청년)' then '3청'
    when regexp_replace(coalesce(p_value, ''), '\s+', '', 'g') ~ '4(청|교구|청년)' then '4청'
    else trim(coalesce(p_value, ''))
  end;
$$;

create or replace function public.bu_group_roster_tier(p_schedule text)
returns text
language sql
immutable
as $$
  select case
    when regexp_replace(coalesce(p_schedule, ''), '\s+', '', 'g') like '%전체참석%' then '전참'
    when regexp_replace(coalesce(p_schedule, ''), '\s+', '', 'g') like '%토요일%' then '토참'
    when regexp_replace(coalesce(p_schedule, ''), '\s+', '', 'g') like '%주일%' then '일참'
    else '전참'
  end;
$$;

insert into public.groups (group_no, name)
values
  (1, '1조'),
  (2, '2조'),
  (3, '3조'),
  (4, '4조'),
  (5, '5조'),
  (6, '6조'),
  (7, '7조'),
  (8, '8조'),
  (9, '9조'),
  (10, '10조'),
  (11, '11조'),
  (12, '12조'),
  (13, '13조'),
  (14, '14조'),
  (15, '15조'),
  (16, '16조')
on conflict (group_no) do update
set name = excluded.name,
    updated_at = now();

delete from public.retreat_group_roster
where source_batch = '20260614';

insert into public.retreat_group_roster (
  source_batch,
  roster_order,
  group_no,
  group_label,
  group_role,
  raw_role,
  participant_name,
  birth_year,
  parish_raw,
  participation_schedule,
  note,
  source_sheet,
  source_row
)
values
  ('20260614', 1, 1, '1조', 'leader', '조장', '장한나', '2000', '2교구 (임동표 목사)', '전체참석 /  토 ~ 월요일 오전', '', '1~8조', 8),
  ('20260614', 2, 1, '1조', 'member', '1', '김희창', '1986', '4교구 (남우진 목사)', '전체참석 / 토 ~ 주일 밤 (월요일 새벽)', '', '1~8조', 9),
  ('20260614', 3, 1, '1조', 'member', '2', '최시온', '2000', '2교구 (임동표 목사)', '전체참석 /  토 ~ 월요일 오전', '', '1~8조', 10),
  ('20260614', 4, 1, '1조', 'member', '3', '조진형', '2006', '1교구 (유광훈 전도사)', '전체참석 / 토 ~ 월요일 오전', '', '1~8조', 11),
  ('20260614', 5, 1, '1조', 'member', '4', '전승민', '2004', '1교구 (유광훈 전도사)', '전체참석 /  토 ~ 월요일 오전', '', '1~8조', 12),
  ('20260614', 6, 1, '1조', 'member', '5', '유하영', '2002', '2교구 (임동표 목사)', '전체참석 / 토 오후 ~ 월요일 오전', '', '1~8조', 13),
  ('20260614', 7, 1, '1조', 'member', '6', '곽지섭', '1996', '3교구 (현성수 목사)', '전체참석 / 토 오후 ~ 월요일 오전', '', '1~8조', 14),
  ('20260614', 8, 1, '1조', 'member', '7', '이민지', '2000', '2교구 (임동표 목사)', '전체참석 / 토 ~ 주일 밤 (월요일 새벽)', '햇빛알러지로 인해 야외 활동이 불가능', '1~8조', 15),
  ('20260614', 9, 1, '1조', 'member', '8', '유지인', '2007', '1교구 (유광훈 전도사)', '전체참석 / 토 ~ 주일 밤 (월요일 새벽)', '', '1~8조', 16),
  ('20260614', 10, 1, '1조', 'member', '9', '김형태', '1997', '잘 모르겠다', '전체참석 / 토 ~ 주일 밤 (월요일 새벽)', '', '1~8조', 17),
  ('20260614', 11, 1, '1조', 'member', '10', '정에스더', '1988', '4교구 (남우진 목사)', '전체참석 / 토 ~ 주일 밤 (월요일 새벽)', '', '1~8조', 18),
  ('20260614', 12, 1, '1조', 'member', '11', '박주명', '1997', '3교구 (현성수 목사)', '전체참석 / 토 ~ 주일 밤 (월요일 새벽)', '', '1~8조', 19),
  ('20260614', 13, 1, '1조', 'member', '12', '유강현', '1996', '3교구 (현성수 목사)', '부분참석 / 토요일 오후(12시) ~ 토요일 오후(23시)', '', '1~8조', 20),
  ('20260614', 14, 1, '1조', 'member', '13', '오성경', '1997', '3교구 (현성수 목사)', '부분참석 / 토요일 오후(12시) ~ 토요일 오후(23시)', '', '1~8조', 21),
  ('20260614', 15, 1, '1조', 'member', '14', '허완', '1991', '4교구 (남우진 목사)', '부분참석 / 주일 오전(7시) ~ 월요일 오전(10시)', '', '1~8조', 22),
  ('20260614', 16, 1, '1조', 'member', '15', '정준무', '1994', '4교구 (남우진 목사)', '부분참석 / 주일 오전(7시) ~ 월요일 새벽', '추가인원', '1~8조', 23),
  ('20260614', 17, 2, '2조', 'leader', '조장', '김희근', '2002', '2교구 (임동표 목사)', '4', '', '1~8조', 32),
  ('20260614', 18, 2, '2조', 'member', '1', '김빛나래', '1984', '4교구 (남우진 목사)', '전체참석 / 토 ~ 주일 밤 (월요일 새벽)', '', '1~8조', 33),
  ('20260614', 19, 2, '2조', 'member', '2', '김윤지', '2004', '1교구 (유광훈 전도사)', '전체참석 /  토 ~ 월요일 오전', '', '1~8조', 34),
  ('20260614', 20, 2, '2조', 'member', '3', '김경채', '2006', '잘 모르겠다', '전체참석 /  토 ~ 월요일 오전', '', '1~8조', 35),
  ('20260614', 21, 2, '2조', 'member', '3', '이다윗', '2001', '잘 모르겠다', '전체참석 /  토 ~ 월요일 오전', '참석취소인원', '1~8조', 36),
  ('20260614', 22, 2, '2조', 'member', '5', '안성재', '1994', '3교구 (현성수 목사)', '전체참석 /  토 ~ 월요일 오전', '', '1~8조', 37),
  ('20260614', 23, 2, '2조', 'member', '6', '김주리', '1992', '4교구 (남우진 목사)', '전체참석 /  토 ~ 월요일 오전', '', '1~8조', 38),
  ('20260614', 24, 2, '2조', 'member', '7', '장현준', '2007', '1교구 (유광훈 전도사)', '전체참석 /  토 ~ 월요일 오전', '해산물 알러지', '1~8조', 39),
  ('20260614', 25, 2, '2조', 'member', '8', '정대현', '2002', '1교구 (유광훈 전도사)', '전체참석 /  토 ~ 월요일 오전', '유당불내증', '1~8조', 40),
  ('20260614', 26, 2, '2조', 'member', '9', '이희찬', '1997', '3교구 (현성수 목사)', '전체참석 / 토 ~ 주일 밤 (월요일 새벽)', '', '1~8조', 41),
  ('20260614', 27, 2, '2조', 'member', '10', '정보빈', '1989', '4교구(남우진 목사)', '전체참석 / 토 ~ 주일 밤 (월요일 새벽)', '', '1~8조', 42),
  ('20260614', 28, 2, '2조', 'member', '11', '김규리', '2002', '1교구 (유광훈 전도사)', '전체참석 / 토 ~ 주일 밤 (월요일 새벽)', '추가인원', '1~8조', 43),
  ('20260614', 29, 2, '2조', 'member', '12', '전준재', '1997', '3교구 (현성수 목사)', '부분참석 / 토요일 오전 ~ 주일 오전(11시)', '', '1~8조', 44),
  ('20260614', 30, 2, '2조', 'member', '13', '황은택', '1999', '2교구 (임동표 목사)', '부분참석 / 토요일 오후(18시) ~ 주일 오후(16시)', '', '1~8조', 45),
  ('20260614', 31, 2, '2조', 'member', '14', '박민혁', '1996', '3교구 (현성수 목사)', '부분참석 / 주일 오전(7시) ~ 월요일 오전(10시)', '', '1~8조', 46),
  ('20260614', 32, 2, '2조', 'member', '15', '권혁준', '2004', '1교구 (유광훈 전도사)', '확인중', '추가인원', '1~8조', 47),
  ('20260614', 33, 3, '3조', 'leader', '조장', '손민경', '1986', '4교구 (남우진 목사)', '전체참석 / 토 ~ 주일 오후(19시)', '', '1~8조', 54),
  ('20260614', 34, 3, '3조', 'member', '1', '백온유', '1998', '2교구 (임동표 목사)', '전체참석 / 토 ~ 주일 밤 (월요일 새벽)', '', '1~8조', 55),
  ('20260614', 35, 3, '3조', 'member', '2', '김응현', '2000', '2교구 (임동표 목사)', '전체참석 /  토 ~ 월요일 오전', '', '1~8조', 56),
  ('20260614', 36, 3, '3조', 'member', '3', '김예담', '2002', '1교구 (유광훈 전도사)', '전체참석 /  토 ~ 월요일 오전', '', '1~8조', 57),
  ('20260614', 37, 3, '3조', 'member', '4', '최지호', '1987', '4교구 (남우진 목사)', '전체참석 /  토 ~ 월요일 오전', '', '1~8조', 58),
  ('20260614', 38, 3, '3조', 'member', '5', '천은경', '1996', '3교구 (현성수 목사)', '전체참석 /  토 ~ 월요일 오전', '', '1~8조', 59),
  ('20260614', 39, 3, '3조', 'member', '6', '이경은', '2004', '잘 모르겠다', '전체참석 / 토 ~ 주일 밤 (월요일 새벽)', '', '1~8조', 60),
  ('20260614', 40, 3, '3조', 'member', '7', '박은별', '1994', '3교구 (현성수 목사)', '전체참석 / 토 ~ 주일 밤 (월요일 새벽)', '어깨 부상으로 치료중. 체육대회 참여불가', '1~8조', 61),
  ('20260614', 41, 3, '3조', 'member', '8', '조학준', '1999', '2교구 (임동표 목사)', '전체참석 / 토 ~ 주일 밤 (월요일 새벽)', '', '1~8조', 62),
  ('20260614', 42, 3, '3조', 'member', '9', '양다니엘', '1996', '3교구 (현성수 목사)', '전체참석 / 토 ~ 주일 밤 (월요일 새벽)', '', '1~8조', 63),
  ('20260614', 43, 3, '3조', 'member', '10', '김혜원', '1995', '3교구 (현성수 목사)', '전체참석 /  토 오후 ~ 주일 밤 (월요일 새벽)', '오이알러지', '1~8조', 64),
  ('20260614', 44, 3, '3조', 'member', '11', '오윤택', '1998', '2교구 (임동표 목사)', '전체참석 / 토 ~ 주일 밤 (월요일 새벽)', '', '1~8조', 65),
  ('20260614', 45, 3, '3조', 'member', '12', '김동욱', '1980', '4교구 (남우진 목사)', '부분참석 / 토요일 오전~주일 오전(11시)', '양압기 착용중. 전기콘센트 근처 취침 희망', '1~8조', 66),
  ('20260614', 46, 3, '3조', 'member', '13', '김지민', '2004', '잘 모르겠다', '부분참석 / 주일 오전(7시) ~ 월요일 새벽', '', '1~8조', 67),
  ('20260614', 47, 3, '3조', 'member', '14', '이은서', '1998', '3교구 (현성수 목사)', '부분참석 / 주일 오후 (16시) ~ 주일 오후 (23시)', '', '1~8조', 68),
  ('20260614', 48, 4, '4조', 'leader', '조장', '지윤성', '1997', '2교구 (임동표 목사)', '전체참석 / 토 ~ 주일 밤 (월요일 새벽)', '', '1~8조', 76),
  ('20260614', 49, 4, '4조', 'member', '1', '김정숙', '1988', '4교구 (남우진 목사)', '전체참석 / 토 ~ 주일 밤 (월요일 새벽)', '', '1~8조', 77),
  ('20260614', 50, 4, '4조', 'member', '2', '양예지', '1995', '3교구 (현성수 목사)', '전체참석 /  토 ~ 월요일 오전', '', '1~8조', 78),
  ('20260614', 51, 4, '4조', 'member', '3', '정혜진', '1996', '3교구 (현성수 목사)', '전체참석 /  토 ~ 월요일 오전', '', '1~8조', 79),
  ('20260614', 52, 4, '4조', 'member', '4', '김예서', '2004', '1교구 (유광훈 전도사)', '전체참석 /  토 ~ 월요일 오전', '', '1~8조', 80),
  ('20260614', 53, 4, '4조', 'member', '5', '박교은', '2004', '1교구 (유광훈 전도사)', '전체참석 / 토 ~ 주일 밤 (월요일 새벽)', '', '1~8조', 81),
  ('20260614', 54, 4, '4조', 'member', '6', '이건희', '2006', '1교구 (유광훈 전도사)', '전체참석 / 토 ~ 주일 밤 (월요일 새벽)', '갑각류 알레르기', '1~8조', 82),
  ('20260614', 55, 4, '4조', 'member', '7', '조인택', '2006', '1교구 (유광훈 전도사)', '전체참석 / 토 ~ 주일 밤 (월요일 새벽)', '', '1~8조', 83),
  ('20260614', 56, 4, '4조', 'member', '8', '전도현', '1994', '3교구 (현성수 목사)', '전체참석 / 토 ~ 주일 밤 (월요일 새벽)', '', '1~8조', 84),
  ('20260614', 57, 4, '4조', 'member', '9', '이평화', '1997', '3교구 (현성수 목사)', '전체참석 / 토요일 오후 (20시) ~ 월요일 오전(9시)', '', '1~8조', 85),
  ('20260614', 58, 4, '4조', 'member', '10', '유하영', '1994', '3교구 (현성수 목사)', '전체참석 / 토요일 오후(19시) ~ 주일 오후 (23시)', '토마토, 씨있는 과일, 갑각류 알러지', '1~8조', 86),
  ('20260614', 59, 4, '4조', 'member', '11', '유하진', '1991', '4교구 (남우진 목사)', '전체참석 / 토요일 오후(19시) ~ 주일 오후 (23시)', '허리디스크', '1~8조', 87),
  ('20260614', 60, 4, '4조', 'member', '12', '민혜진', '1997', '3교구 (현성수 목사)', '부분참석 / 토요일 오전~주일 오전(11시)', '', '1~8조', 88),
  ('20260614', 61, 4, '4조', 'member', '13', '천신원', '1996', '3교구 (현성수 목사)', '부분참석 / 토요일 오전~주일 오전(11시)', '', '1~8조', 89),
  ('20260614', 62, 5, '5조', 'leader', '조장', '손정범', '1998', '2교구 (임동표 목사)', '전체참석 /  토 ~ 월요일 오전', '', '1~8조', 8),
  ('20260614', 63, 5, '5조', 'member', '1', '전준우', '1995', '3교구 (현성수 목사)', '전체참석 /  토 오후 ~ 월요일 오전', '', '1~8조', 9),
  ('20260614', 64, 5, '5조', 'member', '2', '조현진', '2002', '1교구 (유광훈 전도사)', '전체참석 /  토 ~ 월요일 오전', '', '1~8조', 10),
  ('20260614', 65, 5, '5조', 'member', '3', '김태현', '2003', '1교구 (유광훈 전도사)', '전체참석 /  토 ~ 월요일 오전', '', '1~8조', 11),
  ('20260614', 66, 5, '5조', 'member', '4', '김이수', '2005', '1교구 (유광훈 전도사)', '전체참석 /  토 ~ 월요일 오전', '', '1~8조', 12),
  ('20260614', 67, 5, '5조', 'member', '5', '권혜민', '2005', '1교구 (유광훈 전도사)', '전체참석 /  토 ~ 월요일 오전', '', '1~8조', 13),
  ('20260614', 68, 5, '5조', 'member', '6', '조예서', '2006', '1교구 (유광훈 전도사)', '전체참석 /  토 ~ 월요일 오전', '', '1~8조', 14),
  ('20260614', 69, 5, '5조', 'member', '7', '임재민', '2002', '1교구 (유광훈 전도사)', '전체참석 /  토 ~ 월요일 오전', '', '1~8조', 15),
  ('20260614', 70, 5, '5조', 'member', '8', '윤지강', '2007', '1교구 (유광훈 전도사)', '전체참석 /  토 ~ 월요일 오전', '', '1~8조', 16),
  ('20260614', 71, 5, '5조', 'member', '9', '이재선', '1983', '4교구 (남우진 목사)', '전체참석 / 토 ~ 주일 밤 (월요일 새벽)', '', '1~8조', 17),
  ('20260614', 72, 5, '5조', 'member', '10', '임하련', '1988', '4교구 (남우진 목사)', '전체참석 / 토 ~ 주일 밤 (월요일 새벽)', '', '1~8조', 18),
  ('20260614', 73, 5, '5조', 'member', '11', '김성애', '1983', '잘 모르겠다', '부분참석 / 토요일 오전 ~ 주일 오전(11시)', '', '1~8조', 19),
  ('20260614', 74, 5, '5조', 'member', '12', '손승현', '2006', '1교구 (유광훈 전도사)', '부분참석 / 토요일 오전~주일 오전(11시)', '', '1~8조', 20),
  ('20260614', 75, 5, '5조', 'member', '13', '전지호', '2007', '1교구 (유광훈 전도사)', '부분참석 / 토요일 오후(7시) ~주일 밤', '조에서 제외', '1~8조', 21),
  ('20260614', 76, 5, '5조', 'member', '14', '김주형', '2007', '1교구 (유광훈 전도사)', '부분참석 / 주일 ~ 월요일', '', '1~8조', 22),
  ('20260614', 77, 5, '5조', 'member', '15', '이강산', '1999', '1교구 (유광훈 전도사)', '부분참석 / 토요일 오전~토요일 밤', '추가인원', '1~8조', 23),
  ('20260614', 78, 6, '6조', 'leader', '조장', '서현덕', '1998', '3교구 (현성수 목사)', '전체참석 / 토 ~ 주일 밤 (월요일 새벽)', '', '1~8조', 32),
  ('20260614', 79, 6, '6조', 'member', '1', '지윤호', '1998', '2교구 (임동표 목사)', '전체참석 / 토 ~ 주일 밤 (월요일 새벽)', '', '1~8조', 33),
  ('20260614', 80, 6, '6조', 'member', '2', '김은수', '2002', '2교구 (임동표 목사)', '전체참석 /  토 ~ 월요일 오전', '', '1~8조', 34),
  ('20260614', 81, 6, '6조', 'member', '3', '김현진', '1997', '3교구 (현성수 목사)', '전체참석 /  토 ~ 월요일 오전', '', '1~8조', 35),
  ('20260614', 82, 6, '6조', 'member', '4', '윤영록', '1994', '3교구 (현성수 목사)', '전체참석 /  토 ~ 월요일 오전', '', '1~8조', 36),
  ('20260614', 83, 6, '6조', 'member', '5', '김영은', '2005', '1교구 (유광훈 전도사)', '전체참석 /  토 ~ 월요일 오전', '', '1~8조', 37),
  ('20260614', 84, 6, '6조', 'member', '6', '서유진', '2005', '1교구 (유광훈 전도사)', '전체참석 /  토 ~ 월요일 오전', '', '1~8조', 38),
  ('20260614', 85, 6, '6조', 'member', '7', '주세현', '2003', '1교구 (유광훈 전도사)', '전체참석 /  토 ~ 월요일 오전', '', '1~8조', 39),
  ('20260614', 86, 6, '6조', 'member', '8', '서찬영', '2003', '1교구 (유광훈 전도사)', '전체참석 /  토 ~ 월요일 오전', '', '1~8조', 40),
  ('20260614', 87, 6, '6조', 'member', '9', '임다혜', '1999', '2교구 (임동표 목사)', '전체참석 / 토 ~ 주일 밤 (월요일 새벽)', '', '1~8조', 41),
  ('20260614', 88, 6, '6조', 'member', '10', '백지원', '1993', '3교구 (현성수 목사)', '부분참석 / 토요일 오전 ~ 주일 오전(11시)', '', '1~8조', 42),
  ('20260614', 89, 6, '6조', 'member', '11', '진형철', '1997', '3교구 (현성수 목사)', '부분참석 / 토요일 오전 ~ 주일 오전(11시)', '', '1~8조', 43),
  ('20260614', 90, 6, '6조', 'member', '12', '이지우', '1996', '3교구 (현성수 목사)', '부분참석 / 토요일 오전 ~ 주일 오전(11시)', '조에서 제외', '1~8조', 44),
  ('20260614', 91, 6, '6조', 'member', '13', '정하경', '1999', '2교구 (임동표 목사)', '부분참석 / 주일 오전(7시) ~ 월요일 새벽', '', '1~8조', 45),
  ('20260614', 92, 6, '6조', 'member', '14', '윤시환', '1996', '3교구 (현성수 목사)', '부분참석 / 주일 오전(7시) ~ 월요일 새벽', '', '1~8조', 46),
  ('20260614', 93, 6, '6조', 'member', '15', '허경웅', '1987', '4교구 (남우진 목사)', '부분참석 / 주일 오전(7시) ~ 월요일 오전(10시)', '', '1~8조', 47),
  ('20260614', 94, 7, '7조', 'leader', '조장', '한정인', '1999', '2교구 (임동표 목사)', '전체참석 / 토 ~ 주일 밤 (월요일 새벽)', '', '1~8조', 54),
  ('20260614', 95, 7, '7조', 'member', '1', '이경룡', '1995', '3교구 (현성수 목사)', '전체참석 /  토 ~ 월요일 오전', '', '1~8조', 55),
  ('20260614', 96, 7, '7조', 'member', '2', '애니', '2007', '1교구 (유광훈 전도사)', '전체참석 /  토 ~ 월요일 오전', '', '1~8조', 56),
  ('20260614', 97, 7, '7조', 'member', '3', '석상은', '2001', '2교구 (임동표 목사)', '전체참석 /  토 ~ 월요일 오전', '', '1~8조', 57),
  ('20260614', 98, 7, '7조', 'member', '5', '마문도', '2004', '1교구 (유광훈 전도사)', '전체참석 /  토 ~ 월요일 오전', '', '1~8조', 58),
  ('20260614', 99, 7, '7조', 'member', '6', '정대호', '1999', '2교구 (임동표 목사)', '전체참석 / 토 ~ 주일 밤 (월요일 새벽)', '', '1~8조', 59),
  ('20260614', 100, 7, '7조', 'member', '7', '김지원', '1998', '2교구 (임동표 목사)', '전체참석 / 토 ~ 주일 밤 (월요일 새벽)', '', '1~8조', 60),
  ('20260614', 101, 7, '7조', 'member', '8', '박진용', '1995', '3교구 (현성수 목사)', '전체참석 / 토 ~ 주일 밤 (월요일 새벽)', '', '1~8조', 61),
  ('20260614', 102, 7, '7조', 'member', '9', '최현아', '2001', '2교구 (임동표 목사)', '전체참석 / 토 ~ 주일 밤 (월요일 새벽)', '', '1~8조', 62),
  ('20260614', 103, 7, '7조', 'member', '10', '배진형', '1985', '4교구 (남우진 목사)', '전체참석 / 토 ~ 주일 밤 (월요일 새벽)', '', '1~8조', 63),
  ('20260614', 104, 7, '7조', 'member', '11', '천혜영', '1984', '4교구 (남우진 목사)', '전체참석 / 토 ~ 주일 밤 (월요일 새벽)', '', '1~8조', 64),
  ('20260614', 105, 7, '7조', 'member', '12', 'Luke/Nyan Lynn Htet', '1997', '3교구 (현성수 목사)', '부분참석 /  토요일 오전(8시) ~ 토요일 오후(23시)', '', '1~8조', 65),
  ('20260614', 106, 7, '7조', 'member', '13', '송정연', '1996', '3교구 (현성수 목사)', '부분참석 / 주일 오전 9시 ~ 월요일 오전', '', '1~8조', 66),
  ('20260614', 107, 7, '7조', 'member', '14', 'Cheng jia shan', '2001', '2교구 (임동표 목사)', '확인중', '', '1~8조', 67),
  ('20260614', 108, 8, '8조', 'leader', '조장', '최미나', '1999', '2교구 (임동표 목사)', '전체참석 /  토 ~ 월요일 오전', '', '1~8조', 76),
  ('20260614', 109, 8, '8조', 'member', '1', '서가영', '2000', '2교구 (임동표 목사)', '전체참석 /  토 ~ 월요일 오전', '', '1~8조', 77),
  ('20260614', 110, 8, '8조', 'member', '2', '김지훈', '1997', '3교구 (현성수 목사)', '전체참석 /  토 ~ 월요일 오전', '', '1~8조', 78),
  ('20260614', 111, 8, '8조', 'member', '3', '주진호', '2005', '1교구 (유광훈 전도사)', '전체참석 /  토 ~ 월요일 오전', '', '1~8조', 79),
  ('20260614', 112, 8, '8조', 'member', '4', '김준희', '2002', '2교구 (임동표 목사)', '전체참석 /  토 ~ 월요일 오전', '', '1~8조', 80),
  ('20260614', 113, 8, '8조', 'member', '5', '김민경', '1988', '4교구 (남우진 목사)', '전체참석 /  토 ~ 월요일 오전', '', '1~8조', 81),
  ('20260614', 114, 8, '8조', 'member', '6', '유하은', '1998', '2교구 (임동표 목사)', '전체참석 / 토요일 오후(19시) ~ 주일 오후 (23시)', '', '1~8조', 82),
  ('20260614', 115, 8, '8조', 'member', '7', '여인규', '1998', '2교구 (임동표 목사)', '전체참석 / 토 ~ 주일 밤 (월요일 새벽)', '', '1~8조', 83),
  ('20260614', 116, 8, '8조', 'member', '8', '김민설', '1993', '4교구 (남우진 목사)', '전체참석 / 토 ~ 주일 밤 (월요일 새벽)', '', '1~8조', 84),
  ('20260614', 117, 8, '8조', 'member', '9', '전수호', '2005', '1교구 (유광훈 전도사)', '전체참석 / 토 ~ 주일 밤 (월요일 새벽)', '', '1~8조', 85),
  ('20260614', 118, 8, '8조', 'member', '10', '최계은', '1988', '4교구 (남우진 목사)', '전체참석 / 토 ~ 주일 밤 (월요일 새벽)', '', '1~8조', 86),
  ('20260614', 119, 8, '8조', 'member', '11', '이가희', '1985', '4교구 (남우진 목사)', '전체참석 / 토 ~ 주일 밤(23시)', '', '1~8조', 87),
  ('20260614', 120, 8, '8조', 'member', '12', '신상희', '1993', '4교구 (남우진 목사)', '부분참석 / 토요일 오후 ~ 주일 오후(7시)', '', '1~8조', 88),
  ('20260614', 121, 8, '8조', 'member', '13', '이시환', '2001', '2교구 (임동표 목사)', '부분참석 / 주일 오후 (19시) ~ 주일 밤 (23)출발', '', '1~8조', 89),
  ('20260614', 122, 9, '9조', 'leader', '조장', '위유림', '1999', '2교구 (임동표 목사)', '전체참석 / 토 ~ 주일 밤 (월요일 새벽)', '', '9~16조', 8),
  ('20260614', 123, 9, '9조', 'member', '1', '서채운', '2000', '2교구 (임동표 목사)', '전체참석 / 토 ~ 주일 밤 (월요일 새벽)', '', '9~16조', 9),
  ('20260614', 124, 9, '9조', 'member', '2', '최한나', '1995', '3교구 (현성수 목사)', '전체참석 /  토 ~ 월요일 오전', '', '9~16조', 10),
  ('20260614', 125, 9, '9조', 'member', '3', '유하람', '1991', '4교구 (남우진 목사)', '전체참석 /  토 ~ 월요일 오전', '', '9~16조', 11),
  ('20260614', 126, 9, '9조', 'member', '4', '정명화', '1986', '4교구 (남우진 목사)', '전체참석 /  토 ~ 월요일 오전', '', '9~16조', 12),
  ('20260614', 127, 9, '9조', 'member', '5', '김용한', '1993', '4교구 (남우진 목사)', '전체참석 /  토 ~ 월요일 오전', '', '9~16조', 13),
  ('20260614', 128, 9, '9조', 'member', '6', '김도원', '2006', '1교구 (유광훈 전도사)', '전체참석 /  토 ~ 월요일 오전', '', '9~16조', 14),
  ('20260614', 129, 9, '9조', 'member', '7', '주건호', '2006', '1교구 (유광훈 전도사)', '전체참석 /  토 ~ 월요일 오전', '', '9~16조', 15),
  ('20260614', 130, 9, '9조', 'member', '8', '전준규', '1997', '3교구 (현성수 목사)', '전체참석 /  토 오후 ~ 월요일 오전', '', '9~16조', 16),
  ('20260614', 131, 9, '9조', 'member', '9', '허하은', '1999', '2교구 (임동표 목사)', '전체참석 / 토 ~ 주일 밤 (월요일 새벽)', '', '9~16조', 17),
  ('20260614', 132, 9, '9조', 'member', '10', '김소영', '1998', '2교구 (임동표 목사)', '전체참석 / 토 ~ 주일 밤 (월요일 새벽)', '', '9~16조', 18),
  ('20260614', 133, 9, '9조', 'member', '11', '김은정', '1995', '3교구 (현성수 목사)', '전체참석 / 토 ~ 주일 밤 (월요일 새벽)', '', '9~16조', 19),
  ('20260614', 134, 9, '9조', 'member', '12', '손정인', '1999', '2교구 (임동표 목사)', '전체참석 / 토 오후 ~ 주일 밤 (월요일 새벽)', '', '9~16조', 20),
  ('20260614', 135, 9, '9조', 'member', '13', '박신혜', '1988', '4교구 (남우진 목사)', '전체참석 / 토요일 오후(19시) ~ 월요일 새벽', '', '9~16조', 21),
  ('20260614', 136, 9, '9조', 'member', '14', '박은혜', '1987', '4교구 (남우진 목사)', '전체참석 / 토요일 오후(19시) ~ 월요일 새벽', '', '9~16조', 22),
  ('20260614', 137, 9, '9조', 'member', '15', '안진홍', '1997', '3교구 (현성수 목사)', '부분참석 / 토요일 오전~주일 오전(11시)', '', '9~16조', 23),
  ('20260614', 138, 10, '10조', 'leader', '조장', '신라엘', '1999', '2교구 (임동표 목사)', '전체참석 /  토 ~ 월요일 오전', '', '9~16조', 30),
  ('20260614', 139, 10, '10조', 'member', '1', '박세은', '2001', '2교구 (임동표 목사)', '전체참석 /  토 ~ 월요일 오전', '', '9~16조', 31),
  ('20260614', 140, 10, '10조', 'member', '2', '석재남', '2006', '1교구 (유광훈 전도사)', '전체참석 /  토 ~ 월요일 오전', '', '9~16조', 32),
  ('20260614', 141, 10, '10조', 'member', '3', '박소영', '2003', '1교구 (유광훈 전도사)', '전체참석 /  토 ~ 월요일 오전', '', '9~16조', 33),
  ('20260614', 142, 10, '10조', 'member', '4', '이성영', '1989', '4교구 (남우진 목사)', '전체참석 /  토 ~ 월요일 오전', '', '9~16조', 34),
  ('20260614', 143, 10, '10조', 'member', '5', '권영서', '2003', '2교구 (임동표 목사)', '전체참석 /  토 ~ 월요일 오전', '', '9~16조', 35),
  ('20260614', 144, 10, '10조', 'member', '6', '김동규', '2004', '1교구 (유광훈 전도사)', '전체참석 /  토 ~ 월요일 오전', '', '9~16조', 36),
  ('20260614', 145, 10, '10조', 'member', '7', '이주광', '1999', '2교구 (임동표 목사)', '전체참석 / 토 ~ 주일 밤 (월요일 새벽)', '', '9~16조', 37),
  ('20260614', 146, 10, '10조', 'member', '8', '임지훈', '1995', '3교구 (현성수 목사)', '전체참석 / 토 ~ 주일 밤 (월요일 새벽)', '', '9~16조', 38),
  ('20260614', 147, 10, '10조', 'member', '9', '김성은', '1997', '3교구 (현성수 목사)', '전체참석 / 토 ~ 주일 밤 (월요일 새벽)', '', '9~16조', 39),
  ('20260614', 148, 10, '10조', 'member', '10', '조은산', '2000', '교구 미배정', '전체참석 / 토 ~ 주일 밤 (월요일 새벽)', '', '9~16조', 40),
  ('20260614', 149, 10, '10조', 'member', '11', '이세희', '1990', '4교구 (남우진 목사)', '전체참석 / 토 ~ 주일 밤 (월요일 새벽)', '추가인원', '9~16조', 41),
  ('20260614', 150, 10, '10조', 'member', '12', '홍수연', '1998', '2교구 (임동표 목사)', '부분참석 / 주일 오전(7시) ~ 월요일 새벽', '', '9~16조', 42),
  ('20260614', 151, 10, '10조', 'member', '13', '이지은', '1997', '3교구 (현성수 목사)', '부분참석 / 토 ~ 토요일 밤(23시)', '', '9~16조', 43),
  ('20260614', 152, 11, '11조', 'leader', '조장', '안지인', '1992', '4교구 (남우진 목사)', '전체참석 /  토 ~ 월요일 오전', '', '9~16조', 49),
  ('20260614', 153, 11, '11조', 'member', '1', '김병진', '1986', '4교구 (남우진 목사)', '전체참석 / 토 ~ 주일 오후 (19시)', '', '9~16조', 50),
  ('20260614', 154, 11, '11조', 'member', '2', '한은지', '1990', '4교구 (남우진 목사)', '전체참석 /  토 ~ 월요일 오전', '', '9~16조', 51),
  ('20260614', 155, 11, '11조', 'member', '3', '정승호', '1979', '잘 모르겠다', '전체참석 /  토 ~ 월요일 오전', '', '9~16조', 52),
  ('20260614', 156, 11, '11조', 'member', '4', '전유나', '1992', '3교구 (현성수 목사)', '전체참석 /  토 ~ 월요일 오전', '조개, 새우 등 갑각류 알레르기', '9~16조', 53),
  ('20260614', 157, 11, '11조', 'member', '5', '조현규', '1996', '3교구 (현성수 목사)', '전체참석 /  토 ~ 월요일 오전', '갑각류 알레르기', '9~16조', 54),
  ('20260614', 158, 11, '11조', 'member', '6', '김시진', '1995', '3교구 (현성수 목사)', '전체참석 /  토 ~ 월요일 오전', '', '9~16조', 55),
  ('20260614', 159, 11, '11조', 'member', '7', '염수진', '1992', '4교구 (남우진 목사)', '전체참석 / 토 ~ 주일 밤 (월요일 새벽)', '', '9~16조', 56),
  ('20260614', 160, 11, '11조', 'member', '8', '김현', '2002', '2교구 (임동표 목사)', '전체참석 / 토 ~ 주일 밤 (월요일 새벽)', '천식,피부 알레르기', '9~16조', 57),
  ('20260614', 161, 11, '11조', 'member', '9', '권영빈', '1995', '3교구 (현성수 목사)', '전체참석 / 토 ~ 주일 밤 (월요일 새벽)', '', '9~16조', 58),
  ('20260614', 162, 11, '11조', 'member', '10', '김아현', '1996', '3교구 (현성수 목사)', '전체참석 / 토 ~ 주일 밤 (월요일 새벽)', '햇빛 알레르기', '9~16조', 59),
  ('20260614', 163, 11, '11조', 'member', '11', '최지호', '2004', '1교구 (유광훈 전도사)', '부분참석 / 토요일 오전~주일 오전(11시)', '', '9~16조', 60),
  ('20260614', 164, 11, '11조', 'member', '12', '소수엽', '1995', '3교구 (현성수 목사)', '부분참석 / 주일 오전(7시) ~ 월요일 새벽', '', '9~16조', 61),
  ('20260614', 165, 11, '11조', 'member', '13', '나성진', '1993', '잘 모르겠다', '부분참석 /  주일 오전(7시) ~ 월요일 오전(10시)', '', '9~16조', 62),
  ('20260614', 166, 11, '11조', 'member', '14', '박미지', '1993', '3교구 (현성수 목사)', '부분참석 / 주일 오전(9시) ~ 주일 오후(23시)', '', '9~16조', 63),
  ('20260614', 167, 12, '12조', 'leader', '조장', '신영호', '1996', '3교구 (현성수 목사)', '전체참석 /  토 ~ 월요일 오전', '', '9~16조', 71),
  ('20260614', 168, 12, '12조', 'member', '1', '장진아', '2001', '잘 모르겠다', '전체참석 / 토 ~ 주일 밤 (월요일 새벽)', '', '9~16조', 72),
  ('20260614', 169, 12, '12조', 'member', '2', '이현기', '1997', '2교구 (임동표 목사)', '전체참석 /  토 ~ 월요일 오전', '', '9~16조', 73),
  ('20260614', 170, 12, '12조', 'member', '3', '문지수', '2001', '2교구 (임동표 목사)', '전체참석 /  토 ~ 월요일 오전', '', '9~16조', 74),
  ('20260614', 171, 12, '12조', 'member', '4', '송예린', '2007', '1교구 (유광훈 전도사)', '전체참석 /  토 ~ 월요일 오전', '', '9~16조', 75),
  ('20260614', 172, 12, '12조', 'member', '5', '박유나', '2000', '2교구 (임동표 목사)', '전체참석 /  토 ~ 월요일 오전', '', '9~16조', 76),
  ('20260614', 173, 12, '12조', 'member', '6', '이찬영', '1996', '3교구 (현성수 목사)', '전체참석 /  토 ~ 월요일 오전', '', '9~16조', 77),
  ('20260614', 174, 12, '12조', 'member', '7', '박예은', '2000', '2교구 (임동표 목사)', '전체참석 / 토 ~ 주일 밤 (월요일 새벽)', '', '9~16조', 78),
  ('20260614', 175, 12, '12조', 'member', '8', '안이삭', '1998', '3교구 (현성수 목사)', '전체참석 / 토 ~ 주일 밤 (월요일 새벽)', '', '9~16조', 79),
  ('20260614', 176, 12, '12조', 'member', '9', '이세희', '1990', '4교구 (남우진 목사)', '전체참석 / 토 ~ 주일 밤 (월요일 새벽)', '조에서 제외', '9~16조', 80),
  ('20260614', 177, 12, '12조', 'member', '10', '유영수', '2003', '1교구 (유광훈 전도사)', '부분참석 / 토요일 오전~주일 오전(11시)', '', '9~16조', 81),
  ('20260614', 178, 12, '12조', 'member', '11', '허세빈', '1999', '2교구 (임동표 목사)', '부분참석 / 토요일 오전~주일 오후(16시)', '', '9~16조', 82),
  ('20260614', 179, 12, '12조', 'member', '12', '전승훈', '1989', '4교구 (남우진 목사)', '부분참석 / 토요일 오후 ~ 주일 오후(7시)', '', '9~16조', 83),
  ('20260614', 180, 12, '12조', 'member', '13', '이상은', '2005', '1교구 (유광훈 전도사)', '부분참석 / 주일 오전(7시) ~ 월요일 오전(10시)', '', '9~16조', 84),
  ('20260614', 181, 12, '12조', 'member', '14', '김영훈', '1995', '3교구 (현성수 목사)', '부분참석 / 주일 오전(10시) ~ 주일 오후(23시)', '', '9~16조', 85),
  ('20260614', 182, 12, '12조', 'member', '15', '김규리', '2002', '2교구 (임동표 목사)', '전체참석 / 토 ~ 주일 밤 (월요일 새벽)', '조에서 제외', '9~16조', 86),
  ('20260614', 183, 12, '12조', 'member', '16', '이예인', '2000', '2교구 (임동표 목사)', '전체참석 / 확인중', '추가인원', '9~16조', 87),
  ('20260614', 184, 13, '13조', 'leader', '조장', '조연주', '1994', '3교구 (현성수 목사)', '전체참석 /  토 ~ 월요일 오전', '', '9~16조', 8),
  ('20260614', 185, 13, '13조', 'member', '1', '김진웅', '1993', '4교구 (남우진 목사)', '전체참석 /  토 ~ 월요일 오전', '', '9~16조', 9),
  ('20260614', 186, 13, '13조', 'member', '2', '김태훈', '2001', '2교구 (임동표 목사)', '전체참석 /  토 ~ 월요일 오전', '', '9~16조', 10),
  ('20260614', 187, 13, '13조', 'member', '3', '박재균', '2002', '1교구 (유광훈 전도사)', '전체참석 /  토 ~ 월요일 오전', '', '9~16조', 11),
  ('20260614', 188, 13, '13조', 'member', '4', '성예림', '2004', '1교구 (유광훈 전도사)', '전체참석 /  토 ~ 월요일 오전', '', '9~16조', 12),
  ('20260614', 189, 13, '13조', 'member', '5', '권수민', '2003', '1교구 (유광훈 전도사)', '전체참석 /  토 ~ 월요일 오전', '', '9~16조', 13),
  ('20260614', 190, 13, '13조', 'member', '6', '정다운', '1990', '4교구 (남우진 목사)', '전체참석 /  토 ~ 월요일 오전', '', '9~16조', 14),
  ('20260614', 191, 13, '13조', 'member', '7', '최승원', '1989', '4교구 (남우진 목사)', '전체참석 /  토 ~ 월요일 오전', '', '9~16조', 15),
  ('20260614', 192, 13, '13조', 'member', '8', '서다예', '1996', '3교구 (현성수 목사)', '전체참석 /  토 ~ 월요일 오전', '갑각류 해산물 알레르기 / 피부질환 비오거나 습하면 심해짐', '9~16조', 16),
  ('20260614', 193, 13, '13조', 'member', '9', '이예은', '1995', '3교구 (현성수 목사)', '전체참석 / 토 ~ 주일 밤 (월요일 새벽)', '', '9~16조', 17),
  ('20260614', 194, 13, '13조', 'member', '10', '고서윤', '1990', '미배정', '전체참석 / 토 ~ 주일 밤 (월요일 새벽)', '', '9~16조', 18),
  ('20260614', 195, 13, '13조', 'member', '11', '최원경', '1993', '4교구 (남우진 목사)', '전체참석 /  토 오후 (17시) ~ 주일 밤', '', '9~16조', 19),
  ('20260614', 196, 13, '13조', 'member', '12', '마단단', '1997', '3교구 (현성수 목사)', '부분참석 / 주일 오전 9시 ~ 월요일 오전', '', '9~16조', 20),
  ('20260614', 197, 13, '13조', 'member', '13', '이제형', '2002', '1교구 (유광훈 전도사)', '부분참석 / 토요일 오전~주일 오전(11시)', '', '9~16조', 21),
  ('20260614', 198, 13, '13조', 'member', '14', '전승아', '2002', '3교구 (현성수 목사)', '부분참석 / 토 (17~23시), 주일 (18시~23시)', '', '9~16조', 22),
  ('20260614', 199, 13, '13조', 'member', '15', '김승현', '1995', '3교구 (현성수 목사)', '부분참석 / 토 (17~23시), 주일 (18시~23시)', '', '9~16조', 23),
  ('20260614', 200, 14, '14조', 'leader', '조장', '박원진', '1988', '4교구 (남우진 목사)', '전체참석 /  토 ~ 월요일 오전', '', '9~16조', 29),
  ('20260614', 201, 14, '14조', 'member', '1', '신소희', '1991', '4교구 (남우진 목사)', '전체참석 /  토 오후 ~ 월요일 오전', '', '9~16조', 30),
  ('20260614', 202, 14, '14조', 'member', '2', '여창민', '1989', '4교구 (남우진 목사)', '전체참석 /  토 ~ 월요일 오전', '', '9~16조', 31),
  ('20260614', 203, 14, '14조', 'member', '3', '최가은', '2001', '2교구 (임동표 목사)', '전체참석 /  토 ~ 월요일 오전', '', '9~16조', 32),
  ('20260614', 204, 14, '14조', 'member', '4', '김다정', '2001', '2교구 (임동표 목사)', '전체참석 /  토 ~ 월요일 오전', '', '9~16조', 33),
  ('20260614', 205, 14, '14조', 'member', '5', '이원철', '1996', '3교구 (현성수 목사)', '전체참석 /  토 ~ 월요일 오전', '', '9~16조', 34),
  ('20260614', 206, 14, '14조', 'member', '6', '이서정', '2001', '2교구 (임동표 목사)', '전체참석 /  토 ~ 월요일 오전', '', '9~16조', 35),
  ('20260614', 207, 14, '14조', 'member', '7', '노희예', '1996', '3교구 (현성수 목사)', '전체참석 /  토 ~ 월요일 오전', '', '9~16조', 36),
  ('20260614', 208, 14, '14조', 'member', '8', '김광희', '1993', '4교구 (남우진 목사)', '전체참석 /  토 ~ 월요일 오전', '', '9~16조', 37),
  ('20260614', 209, 14, '14조', 'member', '9', '주대현', '2001', '2교구 (임동표 목사)', '전체참석 / 토 ~ 주일 밤 (월요일 새벽)', '', '9~16조', 38),
  ('20260614', 210, 14, '14조', 'member', '10', '김은서', '1993', '4교구 (남우진 목사)', '전체참석 / 토 ~ 주일 밤 (월요일 새벽)', '', '9~16조', 39),
  ('20260614', 211, 14, '14조', 'member', '11', '이돈영', '2002', '2교구 (임동표 목사)', '전체참석 / 토 ~ 주일 밤 (월요일 새벽)', '', '9~16조', 40),
  ('20260614', 212, 14, '14조', 'member', '12', '김예닮', '1997', '3교구 (현성수 목사)', '전체참석 / 토 ~ 주일 밤 (월요일 새벽)', '', '9~16조', 41),
  ('20260614', 213, 14, '14조', 'member', '13', '박현우', '1993', '4교구 (남우진 목사)', '부분참석 / 토요일 오후 (18시 ~  22시)', '', '9~16조', 42),
  ('20260614', 214, 15, '15조', 'leader', '조장', '설예랑', '1991', '4교구 (남우진 목사)', '전체참석 /  토 ~ 월요일 오전', '', '9~16조', 48),
  ('20260614', 215, 15, '15조', 'member', '1', '이성호', '1992', '4교구 (남우진 목사)', '전체참석 / 토 ~ 주일 밤 (월요일 새벽)', '', '9~16조', 49),
  ('20260614', 216, 15, '15조', 'member', '2', '신보라', '2006', '1교구 (유광훈 전도사)', '전체참석 /  토 ~ 월요일 오전', '햇빛알레르기, 먼지알레르기', '9~16조', 50),
  ('20260614', 217, 15, '15조', 'member', '3', '김지유', '2006', '1교구 (유광훈 전도사)', '전체참석 /  토 ~ 월요일 오전', '', '9~16조', 51),
  ('20260614', 218, 15, '15조', 'member', '4', '김해솔', '2000', '2교구 (임동표 목사)', '전체참석 /  토 ~ 월요일 오전', '', '9~16조', 52),
  ('20260614', 219, 15, '15조', 'member', '5', '손희성', '2006', '1교구 (유광훈 전도사)', '전체참석 /  토 ~ 월요일 오전', '', '9~16조', 53),
  ('20260614', 220, 15, '15조', 'member', '6', '박성온', '1993', '4교구 (남우진 목사)', '전체참석 /  토 ~ 월요일 오전', '', '9~16조', 54),
  ('20260614', 221, 15, '15조', 'member', '7', '황영조', '1995', '잘 모르겠다', '전체참석 /  토 ~ 월요일 오전', '', '9~16조', 55),
  ('20260614', 222, 15, '15조', 'member', '8', '김민석', '1995', '3교구 (현성수 목사)', '전체참석 / 토 ~ 주일 밤 (월요일 새벽)', '', '9~16조', 56),
  ('20260614', 223, 15, '15조', 'member', '9', '이진성', '1992', '4교구 (남우진 목사)', '전체참석 / 토 ~ 주일 밤 (월요일 새벽)', '', '9~16조', 57),
  ('20260614', 224, 15, '15조', 'member', '10', '하나은', '1995', '3교구 (현성수 목사)', '전체참석 / 토 ~ 주일 밤 (월요일 새벽)', '', '9~16조', 58),
  ('20260614', 225, 15, '15조', 'member', '11', '유형준', '1983', '4교구 (남우진 목사)', '부분참석 / 토 점심 (12시) ~ 주일 오후 (16시)', '', '9~16조', 59),
  ('20260614', 226, 15, '15조', 'member', '12', '황주원', '1994', '3교구 (현성수 목사)', '부분참석 / 토요일 오후 (18시 ~22시)', '', '9~16조', 60),
  ('20260614', 227, 15, '15조', 'member', '13', '김보희', '1995', '3교구 (현성수 목사)', '부분참석 /  주일 오전(7시) ~ 월요일 오전(10시)', '', '9~16조', 61),
  ('20260614', 228, 15, '15조', 'member', '14', '최보슬', '1999', '2교구 (임동표 목사)', '부분참석 / 주일 오후(20시) ~ 월요일 오전', '', '9~16조', 62),
  ('20260614', 229, 15, '15조', 'member', '15', '하선엽', '1994', '3교구 (현성수 목사)', '확인중', '', '9~16조', 63),
  ('20260614', 230, 16, '16조', 'leader', '조장', '김서라', '1992', '4교구 (남우진 목사)', '전체참석 / 토 ~ 주일 밤 (월요일 새벽)', '', '9~16조', 71),
  ('20260614', 231, 16, '16조', 'member', '1', '공다영', '1994', '3교구 (현성수 목사)', '전체참석 / 토 ~ 주일 밤 (월요일 새벽)', '', '9~16조', 72),
  ('20260614', 232, 16, '16조', 'member', '2', '김영진', '1994', '3교구 (현성수 목사)', '전체참석 /  토 ~ 월요일 오전', '', '9~16조', 73),
  ('20260614', 233, 16, '16조', 'member', '3', '문진우', '1990', '4교구 (남우진 목사)', '전체참석 /  토 ~ 월요일 오전', '', '9~16조', 74),
  ('20260614', 234, 16, '16조', 'member', '4', '윤별', '1993', '4교구 (남우진 목사)', '전체참석 /  토 ~ 월요일 오전', '', '9~16조', 75),
  ('20260614', 235, 16, '16조', 'member', '5', '서규원', '2002', '2교구 (임동표 목사)', '전체참석 /  토 ~ 월요일 오전', '', '9~16조', 76),
  ('20260614', 236, 16, '16조', 'member', '6', '한별', '1998', '2교구 (임동표 목사)', '전체참석 /  토 ~ 월요일 오전', '', '9~16조', 77),
  ('20260614', 237, 16, '16조', 'member', '7', '박성호', '2004', '1교구 (유광훈 전도사)', '전체참석 /  토 ~ 월요일 오전', '', '9~16조', 78),
  ('20260614', 238, 16, '16조', 'member', '8', '김미경', '1994', '3교구 (현성수 목사)', '전체참석 / 토 ~ 주일 밤 (월요일 새벽)', '', '9~16조', 79),
  ('20260614', 239, 16, '16조', 'member', '9', '신혜지', '1998', '잘 모르겠다', '전체참석 / 토 ~ 주일저녁', '척추측만증 허리 불편', '9~16조', 80),
  ('20260614', 240, 16, '16조', 'member', '10', '김주와', '2007', '1교구 (유광훈 전도사)', '부분참석 / 토요일 오전~주일 오전(11시)', '', '9~16조', 81),
  ('20260614', 241, 16, '16조', 'member', '11', '정요안', '1991', '4교구 (남우진 목사)', '부분참석 / 토요일 저녁 ~ 주일 오후(23시)', '', '9~16조', 82),
  ('20260614', 242, 16, '16조', 'member', '12', '김빛아름', '1989', '4교구 (남우진 목사)', '부분참석 / 주일 오전(7시) ~ 주일 밤(23시)', '', '9~16조', 83),
  ('20260614', 243, 16, '16조', 'member', '13', '김민희', '1984', '4교구 (남우진 목사)', '부분참석 / 주일 오전(7시) ~ 주일 밤(23시)', '', '9~16조', 84),
  ('20260614', 244, 16, '16조', 'member', '14', '김재원', '2005', '1교구 (유광훈 전도사)', '부분참석 /  주일 오전(7시) ~ 월요일 오전(10시)', '', '9~16조', 85),
  ('20260614', 245, 16, '16조', 'member', '15', '전지호', '2007', '1교구 (유광훈 전도사)', '부분참석 / 토요일 오후(7시) ~주일 밤', '추가인원', '9~16조', 86),
  ('20260614', 246, 16, '16조', 'member', '16', '안재신', '1988', '4교구 (남우진 목사)', '부분참석 /  주일 오전(7시) ~ 월요일 새벽', '추가인원', '9~16조', 87),
  ('20260614', 247, null, '추가필요', 'member', '2차 설문 미응답', '김주형', '2007', '1교구 (유광훈 전도사)', '부분참석 / 주일 ~ 월요일', 'x', '2차설문 추가 필요 명단', 8),
  ('20260614', 248, null, '추가필요', 'member', '2차 설문 미응답', '정예린', '2006', '1교구 (유광훈 전도사)', '', 'x', '2차설문 추가 필요 명단', 9),
  ('20260614', 249, null, '추가필요', 'member', '2차 설문 미응답', '권혁준', '2004', '2교구 (임동표 목사)', '', 'x', '2차설문 추가 필요 명단', 10),
  ('20260614', 250, null, '추가필요', 'member', '추가 정보 필요', '전지호', '2007', '1교구 (유광훈 전도사)', '부분참석 / 토요일 오후(7시) ~주일 밤', '', '2차설문 추가 필요 명단', 14);

update public.retreat_group_roster r
set group_id = g.id,
    name_norm = public.bu_group_roster_normalize_name(r.participant_name),
    parish_norm = public.bu_group_roster_normalize_parish(r.parish_raw),
    participation_tier = public.bu_group_roster_tier(r.participation_schedule)
from public.groups g
where r.source_batch = '20260614'
  and r.group_no = g.group_no;

update public.retreat_group_roster r
set name_norm = public.bu_group_roster_normalize_name(r.participant_name),
    parish_norm = public.bu_group_roster_normalize_parish(r.parish_raw),
    participation_tier = public.bu_group_roster_tier(r.participation_schedule)
where r.source_batch = '20260614'
  and r.group_no is null;

with roster_duplicates as (
  select
    r.id as roster_id,
    count(*) over (partition by r.name_norm)::integer as roster_name_count,
    count(*) over (partition by r.name_norm, r.parish_norm)::integer as roster_same_parish_count
  from public.retreat_group_roster r
  where r.source_batch = '20260614'
),
candidate_stats as (
  select
    r.id as roster_id,
    max(rd.roster_name_count)::integer as roster_name_count,
    max(rd.roster_same_parish_count)::integer as roster_same_parish_count,
    count(p.id)::integer as candidate_count,
    count(p.id) filter (
      where public.bu_group_roster_normalize_parish(p.parish) = r.parish_norm
    )::integer as same_parish_count,
    min(p.id) as single_candidate_id,
    min(p.id) filter (
      where public.bu_group_roster_normalize_parish(p.parish) = r.parish_norm
    ) as same_parish_candidate_id,
    coalesce(jsonb_agg(
      jsonb_build_object(
        'profileId', p.id,
        'loginId', p.login_id,
        'name', p.name,
        'displayName', p.display_name,
        'parish', p.parish,
        'participantCode', p.participant_code
      )
      order by p.parish, p.name, p.login_id::text
    ) filter (where p.id is not null), '[]'::jsonb) as candidates
  from public.retreat_group_roster r
  join roster_duplicates rd on rd.roster_id = r.id
  left join public.profiles p
    on public.bu_group_roster_normalize_name(p.name) = r.name_norm
   and p.account_status = 'active'
   and p.is_dev = false
   and p.is_test = false
  where r.source_batch = '20260614'
  group by r.id
)
update public.retreat_group_roster r
set candidate_profiles = c.candidates,
    matched_profile_id = case
      when c.roster_same_parish_count > 1 then null
      when c.candidate_count = 1 and c.roster_name_count = 1 then c.single_candidate_id
      when c.same_parish_count = 1 then c.same_parish_candidate_id
      else null
    end,
    match_status = case
      when c.roster_same_parish_count > 1 then 'duplicate_roster_same_parish'
      when c.candidate_count = 0 then 'nickname_missing'
      when c.candidate_count = 1 and c.roster_name_count = 1 then 'matched'
      when c.same_parish_count = 1 then 'matched_by_parish'
      when c.same_parish_count > 1 then 'duplicate_same_parish'
      else 'duplicate_needs_check'
    end,
    match_detail = case
      when c.roster_same_parish_count > 1 then '이름 중복 확인필요 - 조 명단 같은 청 중복'
      when c.candidate_count = 0 then '닉네임 없음'
      when c.candidate_count = 1 and c.roster_name_count = 1 then '매칭'
      when c.same_parish_count = 1 then '교구 기준 매칭'
      when c.same_parish_count > 1 then '이름 중복 확인필요 - 같은 청'
      else '이름 중복 확인필요 - 다른 청 후보'
    end,
    updated_at = now()
from candidate_stats c
where r.id = c.roster_id;

delete from public.group_members gm
using public.groups g
where gm.group_id = g.id
  and g.group_no between 1 and 16
  and not exists (
    select 1
    from public.retreat_group_roster r
    where r.source_batch = '20260614'
      and r.matched_profile_id = gm.profile_id
      and r.group_id = gm.group_id
  );

insert into public.group_members (
  group_id,
  profile_id,
  group_role,
  assigned_at
)
select
  group_id,
  matched_profile_id,
  group_role,
  now()
from public.retreat_group_roster
where source_batch = '20260614'
  and group_id is not null
  and matched_profile_id is not null
on conflict (profile_id) do update
set group_id = excluded.group_id,
    group_role = excluded.group_role,
    assigned_at = now();

create or replace function public.admin_get_bbb_matching_matrix()
returns jsonb
language plpgsql
security definer
set search_path = public
as $$
declare
  v_admin public.profiles%rowtype;
  v_batch text := '20260614';
  v_rows jsonb := '[]'::jsonb;
begin
  v_admin := public.bu_admin_profile();

  with roster_rows as (
    select
      jsonb_build_object(
        'rowType', 'roster',
        'rosterId', r.id,
        'sourceBatch', r.source_batch,
        'profileId', u.id,
        'canMatch', u.id is not null,
        'loginId', u.login_id,
        'userId', u.login_id,
        'name', r.participant_name,
        'displayName', coalesce(u.display_name, ''),
        'participantCode', coalesce(u.participant_code, ''),
        'parish', coalesce(u.parish, r.parish_raw, ''),
        'rosterParish', coalesce(r.parish_raw, ''),
        'parishNorm', coalesce(r.parish_norm, ''),
        'groupId', r.group_id,
        'groupNo', r.group_no,
        'groupLabel', r.group_label,
        'groupName', case when r.group_no is null then r.group_label else coalesce(g.name, r.group_label) end,
        'groupTier', coalesce(g.tier, ''),
        'groupRole', coalesce(r.group_role::text, ''),
        'rawRole', coalesce(r.raw_role, ''),
        'participationTier', coalesce(r.participation_tier, ''),
        'matchingTier', coalesce(r.participation_tier, ''),
        'participationSchedule', coalesce(r.participation_schedule, ''),
        'attendanceStatus', coalesce(ra.attendance_status::text, ''),
        'matchStatus', r.match_status,
        'matchDetail', coalesce(r.match_detail, ''),
        'candidateProfiles', r.candidate_profiles,
        'careBuddyId', ba.care_buddy_id,
        'careBuddyLoginId', care.login_id,
        'careBuddyName', coalesce(care.name, ''),
        'careBuddyDisplayName', coalesce(care.display_name, ''),
        'secretBuddyId', ba.secret_buddy_id,
        'secretBuddyLoginId', secret.login_id,
        'secretBuddyName', coalesce(secret.name, ''),
        'secretBuddyDisplayName', coalesce(secret.display_name, ''),
        'updatedAt', ba.updated_at,
        'sortGroup', coalesce(r.group_no, 998),
        'sortRole', case r.group_role when 'leader' then 0 when 'assistant' then 1 else 2 end,
        'sortOrder', r.roster_order
      ) as row_json,
      coalesce(r.group_no, 998) as sort_group,
      case r.group_role when 'leader' then 0 when 'assistant' then 1 else 2 end as sort_role,
      r.roster_order as sort_order
    from public.retreat_group_roster r
    left join public.groups g on g.id = r.group_id
    left join public.profiles u on u.id = r.matched_profile_id
    left join public.retreat_attendance ra on ra.profile_id = u.id
    left join public.bbb_assignments ba on ba.profile_id = u.id
    left join public.profiles care on care.id = ba.care_buddy_id
    left join public.profiles secret on secret.id = ba.secret_buddy_id
    where r.source_batch = v_batch
  ),
  roster_names as (
    select distinct name_norm
    from public.retreat_group_roster
    where source_batch = v_batch
  ),
  matched_profiles as (
    select matched_profile_id as profile_id
    from public.retreat_group_roster
    where source_batch = v_batch
      and matched_profile_id is not null
  ),
  non_attendee_rows as (
    select
      jsonb_build_object(
        'rowType', 'non_attendee',
        'profileId', u.id,
        'canMatch', false,
        'loginId', u.login_id,
        'userId', u.login_id,
        'name', coalesce(u.name, ''),
        'displayName', coalesce(u.display_name, ''),
        'participantCode', coalesce(u.participant_code, ''),
        'parish', coalesce(u.parish, ''),
        'rosterParish', '',
        'parishNorm', public.bu_group_roster_normalize_parish(u.parish),
        'groupId', null,
        'groupNo', null,
        'groupLabel', '미참',
        'groupName', '미참',
        'groupTier', '',
        'groupRole', '',
        'rawRole', '',
        'participationTier', '미참',
        'matchingTier', '미참',
        'participationSchedule', '',
        'attendanceStatus', '',
        'matchStatus', 'non_attendee',
        'matchDetail', '앱 가입은 했지만 조 편성 명단에는 없음',
        'candidateProfiles', '[]'::jsonb,
        'careBuddyId', null,
        'careBuddyLoginId', null,
        'careBuddyName', '',
        'careBuddyDisplayName', '',
        'secretBuddyId', null,
        'secretBuddyLoginId', null,
        'secretBuddyName', '',
        'secretBuddyDisplayName', '',
        'updatedAt', null,
        'sortGroup', 999,
        'sortRole', 2,
        'sortOrder', 10000
      ) as row_json,
      999 as sort_group,
      2 as sort_role,
      row_number() over (order by public.bu_group_roster_normalize_parish(u.parish), u.name, u.login_id::text) + 10000 as sort_order
    from public.profiles u
    where u.account_status = 'active'
      and u.is_dev = false
      and u.is_test = false
      and not exists (select 1 from matched_profiles mp where mp.profile_id = u.id)
      and not exists (
        select 1
        from roster_names rn
        where rn.name_norm = public.bu_group_roster_normalize_name(u.name)
      )
  ),
  all_rows as (
    select * from roster_rows
    union all
    select * from non_attendee_rows
  )
  select coalesce(jsonb_agg(row_json order by sort_group, sort_role, sort_order), '[]'::jsonb)
  into v_rows
  from all_rows;

  return jsonb_build_object(
    'ok', true,
    'source', 'supabase',
    'sourceBatch', v_batch,
    'rows', v_rows
  );
end;
$$;

revoke all on function public.admin_get_bbb_matching_matrix() from public, anon, authenticated;
grant execute on function public.admin_get_bbb_matching_matrix() to authenticated;

create or replace function public.admin_set_bbb_care_buddy(
  p_profile_id uuid,
  p_care_buddy_id uuid default null
)
returns jsonb
language plpgsql
security definer
set search_path = public
as $$
declare
  v_admin public.profiles%rowtype;
  v_profile public.profiles%rowtype;
  v_care_profile public.profiles%rowtype;
  v_old_care_buddy_id uuid;
  v_profile_group_id uuid;
  v_profile_tier text;
  v_care_group_id uuid;
  v_care_tier text;
  v_batch text := '20260614';
begin
  v_admin := public.bu_admin_profile();

  select *
  into v_profile
  from public.profiles
  where id = p_profile_id
    and account_status = 'active';

  if v_profile.id is null then
    return jsonb_build_object('ok', false, 'source', 'supabase', 'error', 'profile_not_found');
  end if;

  select r.group_id, r.participation_tier
  into v_profile_group_id, v_profile_tier
  from public.retreat_group_roster r
  where r.source_batch = v_batch
    and r.matched_profile_id = p_profile_id
    and r.group_id is not null
  order by r.roster_order
  limit 1;

  if v_profile_group_id is null then
    select gm.group_id, public.bu_bbb_matching_tier(ra.participation_tier, ra.attendance_status)
    into v_profile_group_id, v_profile_tier
    from public.profiles p
    left join public.group_members gm on gm.profile_id = p.id
    left join public.retreat_attendance ra on ra.profile_id = p.id
    where p.id = p_profile_id;
  end if;

  if p_care_buddy_id is not null then
    select *
    into v_care_profile
    from public.profiles
    where id = p_care_buddy_id
      and account_status = 'active';

    if v_care_profile.id is null then
      return jsonb_build_object('ok', false, 'source', 'supabase', 'error', 'care_buddy_not_found');
    end if;

    if p_profile_id = p_care_buddy_id then
      return jsonb_build_object('ok', false, 'source', 'supabase', 'error', 'self_matching_not_allowed');
    end if;

    select r.group_id, r.participation_tier
    into v_care_group_id, v_care_tier
    from public.retreat_group_roster r
    where r.source_batch = v_batch
      and r.matched_profile_id = p_care_buddy_id
      and r.group_id is not null
    order by r.roster_order
    limit 1;

    if v_care_group_id is null then
      select gm.group_id, public.bu_bbb_matching_tier(ra.participation_tier, ra.attendance_status)
      into v_care_group_id, v_care_tier
      from public.profiles p
      left join public.group_members gm on gm.profile_id = p.id
      left join public.retreat_attendance ra on ra.profile_id = p.id
      where p.id = p_care_buddy_id;
    end if;

    if v_profile_group_id is distinct from v_care_group_id then
      return jsonb_build_object('ok', false, 'source', 'supabase', 'error', 'different_group_not_allowed');
    end if;

    if coalesce(v_profile_tier, '전참') is distinct from coalesce(v_care_tier, '전참') then
      return jsonb_build_object('ok', false, 'source', 'supabase', 'error', 'different_tier_not_allowed');
    end if;
  end if;

  select care_buddy_id
  into v_old_care_buddy_id
  from public.bbb_assignments
  where profile_id = p_profile_id;

  if v_old_care_buddy_id is not null and v_old_care_buddy_id is distinct from p_care_buddy_id then
    update public.bbb_assignments
    set secret_buddy_id = null,
        updated_at = now()
    where profile_id = v_old_care_buddy_id
      and secret_buddy_id = p_profile_id;
  end if;

  if p_care_buddy_id is not null then
    update public.bbb_assignments
    set care_buddy_id = null,
        updated_at = now()
    where care_buddy_id = p_care_buddy_id
      and profile_id <> p_profile_id;
  end if;

  insert into public.bbb_assignments (
    profile_id,
    care_buddy_id,
    group_id,
    tier,
    updated_at
  )
  values (
    p_profile_id,
    p_care_buddy_id,
    v_profile_group_id,
    coalesce(v_profile_tier, '전참'),
    now()
  )
  on conflict (profile_id) do update
  set care_buddy_id = excluded.care_buddy_id,
      group_id = excluded.group_id,
      tier = excluded.tier,
      updated_at = now();

  if p_care_buddy_id is not null then
    insert into public.bbb_assignments (
      profile_id,
      secret_buddy_id,
      group_id,
      tier,
      updated_at
    )
    values (
      p_care_buddy_id,
      p_profile_id,
      v_care_group_id,
      coalesce(v_care_tier, '전참'),
      now()
    )
    on conflict (profile_id) do update
    set secret_buddy_id = excluded.secret_buddy_id,
        group_id = excluded.group_id,
        tier = excluded.tier,
        updated_at = now();
  end if;

  return jsonb_build_object(
    'ok', true,
    'source', 'supabase',
    'profileId', p_profile_id,
    'careBuddyId', p_care_buddy_id,
    'oldCareBuddyId', v_old_care_buddy_id,
    'matchingTier', coalesce(v_profile_tier, '전참')
  );
end;
$$;

revoke all on function public.admin_set_bbb_care_buddy(uuid, uuid) from public, anon, authenticated;
grant execute on function public.admin_set_bbb_care_buddy(uuid, uuid) to authenticated;

select pg_notify('pgrst', 'reload schema');

commit;
